user_ID,Dish,Rating
U1077,Prawns Biryani,5
U1077,Chilli Potatoes,1
U1077,Shahi Tukda,1
U1077,Paneer Multani Tikka,1
U1068,Chilli Fish,3
U1068,Kadaai Paneer,1
U1068,Bendekaayi Gojju (Ladys Finger Gravy),1
U1068,Veg biryani,5
U1068,Veg Cutlet,2
U1067,Veg Platter,1
U1067,Mushroom Malai Tikka,2
U1067,Chicken Tikka Dry,5
U1067,Chicken Seekh Kabab,5
U1067,Corn Cheese Pizza,5
U1067,Chicken Pulao,1
U1103,Gobi Manchurian,4
U1103,Chicken Madagascar,3
U1103,Chilli Mushroom,2
U1103,Veg Manchurian,5
U1103,Chicken Achari,1
U1103,Chilli Prawns,4
U1103,Chicken Fry,3
U1103,Arachu Vitta Sambar,3
U1107,Veg Manchurian,1
U1107,Prawns Manchurian,2
U1107,Carrot Halwa,2
U1044,Lacha Paratha,5
U1044,Ginger Prawns,3
U1070,Avial with Kerala Red Rice,4
U1070,Plain Naan,3
U1070,Veg biryani,1
U1031,Chilli Prawns,2
U1031,Golden Prawns,5
U1031,Chilli Potatoes,1
U1082,Chicken Achari,2
U1023,Chocolate Brownie,2
U1023,Baby Corn,3
U1082,Mushroom Masala,1
U1082,Chicken Pepperoni Piza,4
U1082,Farm Fresh Pizza,1
U1082,Chocolate Brownie,4
U1082,Paneer Tikka Masala,2
U1082,Paneer Achari,3
U1060,Jeera Rice,3
U1060,Mutton Dum Biryani,5
U1060,Fish Biryani,1
U1060,Lemon Chicken,4
U1015,Chocolate Milkshake,5
U1123,Plain Roti,4
U1123,Chilli Fish,4
U1123,Loose Prawns,4
U1123,Chicken Fry,4
U1123,Cashew Chicken,2
U1123,Golden Prawns,2
U1123,Avial with Kerala Red Rice,1
U1123,Veg Dumplings,1
U1021,Moong daal Halwa,3
U1026,Baby Corn,5
U1021,Moong daal Halwa,4
U1021,Chicken Dum Biryani,5
U1044,Paneer Achari,4
U1083,Ice-cream,1
U1083,Shahi Tukda,1
U1083,Ice-cream,5
U1108,Mixed Non-Veg Fried Rice,4
U1108,Chicken Drum Sticks,2
U1108,Nihari Gosht,2
U1108,Pepper Garlic Chicken,1
U1108,Chicken Pepperoni Piza,2
U1108,Fruit cream,1
U1108,Mutton Pepper Fry,2
U1108,Matar Pulao,2
U1108,Matar Pulao,1
U1108,Chicken Chettinad,5
U1012,Chicken Korma,5
U1012,Lemon Chicken,2
U1012,Vanilla Milkshake,1
U1093,Tandoori Fish,1
U1093,Pepper Prawns,3
U1093,Golden Prawns,1
U1093,Paneer 65,1
U1093,Fish Manchurian,2
U1030,Chicken Tandoori,3
U1093,Chilli Prawns,4
U1030,Tandoori Fish,2
U1012,Paneer Tikka,3
U1012,Chicken Madagascar,2
U1030,Plain Dosa,4
U1093,Mutton Cutlet,5
U1030,Chicken Tikka Dry,4
U1093,Paneer Achari,3
U1030,Mixed Non-Veg Fried Rice,3
U1030,Paneer Amritsari Tikka,2
U1030,Mushroom Tikka,4
U1030,Veg biryani,2
U1066,Chicken Dum Biryani,5
U1066,Mutton Fry,2
U1127,Veg Platter,5
U1127,Chicken Chettinad,3
U1127,Mushroom Malai Tikka,5
U1127,Golden Prawns,3
U1017,Lemon Chicken,4
U1066,Chilli Potatoes,3
U1017,Chicken Pakora,4
U1017,Prawns Manchurian,1
U1066,Aloo Gobi Masala,5
U1100,Lassi,5
U1100,Fresh Lime Soda,1
U1066,Dal Tadka,1
U1100,Veg Dumplings,3
U1100,Butter Roti,5
U1100,South Indian Chicken masala,1
U1100,Barbeque Chicken with Breast,1
U1133,Nihari Gosht,3
U1133,Apollo Fish,4
U1133,Butter Garlic Prawns,2
U1133,Carrot Halwa,3
U1133,Prawns Manchurian,1
U1133,Chilli Prawns,2
U1133,Tandoori Fish,1
U1133,Malvani Chicken Curry,4
U1133,Shahi Tukda,3
U1118,Mughlai Chicken Handi,2
U1072,Plain Dosa,5
U1072,Fresh Lime Soda,3
U1072,Veg Dum Biryani,5
U1026,Fruit cream,5
U1026,Chocolate Pastry,2
U1026,Ginger Prawns,4
U1026,Chicken Fry,5
U1023,Jeera Rice,2
U1023,Seekh Kabab,2
U1080,Plain Naan,5
U1080,Chicken Fried Rice,4
U1080,Baby Corn,3
U1080,Avial with Kerala Red Rice,3
U1063,Margarita Pizza,3
U1063,Hyderabadi Keema,2
U1063,Chicken Pakora,5
U1063,Margarita Pizza,3
U1063,Fresh Lime Soda,4
U1080,Hara Bara Kabab,1
U1080,Pepper Garlic Chicken,2
U1082,Prawns Fry,5
U1082,Chicken Fried Rice,1
U1074,Apollo Fish,2
U1074,Avial with Kerala Red Rice,3
U1074,Arachu Vitta Sambar,1
U1117,Mango Kuzhambu,2
U1117,Fish Manchurian,4
U1117,Plain Roti,2
U1117,Fresh Lime Soda,1
U1117,Pepper Prawns,1
U1117,Pepper Prawns,3
U1118,Murgh Tangdi Kabab,4
U1118,Paneer Butter Masala,4
U1118,Veg Dumplings,1
U1118,Chicken Pizza,3
U1118,Chicken Madagascar,5
U1118,Vanilla Milkshake,1
U1020,Tandoori Fish,4
U1020,Barbeque Chicken with Breast,3
U1020,Chicken Fried Rice,5
U1020,Mutton 65 Pizza,4
U1051,Ice-cream,5
U1051,Mutton Kofte,2
U1051,Fish Fry,2
U1055,Jeera Rice,1
U1055,Paneer Butter Masala,5
U1055,Veg biryani,4
U1055,Chilli Mushroom,3
U1055,Mutton Cutlet,5
U1083,Prawns Manchurian,1
U1083,Paneer Amritsari Tikka,4
U1055,Butter Garlic Prawns,1
U1083,Murgh Tangdi Kabab,4
U1083,Paneer Achari,5
U1083,Mutton Pepper Fry,2
U1083,Gulab Jamun,5
U1055,Mushroom Malai Tikka,3
U1055,Mutton Biryani,1
U1055,Paneer Pulao,4
U1055,Murgh Lasooni Kabab,5
U1053,Chicken Tikka Dry,4
U1053,Corn Cheese Pizza,1
U1053,Ice-cream,3
U1053,Bharwa Aloo,1
U1035,Chicken Manchurian,4
U1035,Chicken Dum Biryani,1
U1053,Veg Pulao,1
U1053,Veg Pakora,2
U1053,Farm Fresh Pizza,4
U1035,Ice Tea,2
U1053,Mango Kuzhambu,2
U1053,Dal Tadka,2
U1053,Chicken Madagascar,5
U1053,Paneer Achari,1
U1053,Shahi Tukda,5
U1053,Veg Pulao,4
U1064,Apollo Fish,2
U1081,Chicken Pizza,1
U1064,Chicken Chettinad,1
U1081,Pepper Mutton,1
U1081,Mutton Dum Biryani,1
U1064,Chicken Manchurian,3
U1081,Carrot Halwa,4
U1064,Cashew Chicken,3
U1064,Paneer Butter Masala,5
U1081,Murgh Lasooni Kabab,1
U1081,Chilli Potatoes,2
U1081,Chicken RR,2
U1081,Chicken Pepperoni Piza,2
U1081,Veg Dum Biryani,3
U1081,Lemon Rice,3
U1081,Margarita Pizza,5
U1001,Farm Fresh Pizza,4
U1001,Chicken Seekh Kabab,2
U1014,Hyderabadi Keema,2
U1088,Chicken Majestic,1
U1088,Veg Pakora,2
U1014,Moong daal Halwa,2
U1014,Chicken Pulao,2
U1088,Chocolate Brownie,3
U1014,Butter Chicken,2
U1014,Chicken Drum Sticks,4
U1014,Pepper Prawns,5
U1088,Veg Manchurian,5
U1088,Chicken Tandoori,2
U1088,Mughlai Chicken Handi,5
U1014,Gulab Jamun,1
U1014,Mango Kuzhambu,2
U1088,Chicken Pepperoni Piza,5
U1088,Ginger Prawns,3
U1088,Pepper Garlic Chicken,2
U1014,Plain Naan,1
U1088,Mix Veg Curry,4
U1088,Chocolate Milkshake,1
U1088,Fish Biryani,4
U1014,Haryali Paneer Tikka,2
U1014,Mutton Biryani,1
U1056,Mutton RR,4
U1056,Chicken Pakora,3
U1056,Chicken 65,2
U1056,Chicken Korma,2
U1056,Chicken Fried Rice,4
U1056,Paneer Butter Masala,3
U1056,Plain Roti,3
U1056,Golden Prawns,5
U1056,Veg Dum Biryani,1
U1056,Lacha Paratha,2
U1134,Murgh Lasooni Kabab,1
U1134,Mixed Non-Veg Fried Rice,2
U1134,Arachu Vitta Sambar,2
U1134,Plain Naan,2
U1134,Mutton Awadhi Kabab,2
U1134,Chilli Prawns,3
U1134,Chicken Manchurian,4
U1134,Mutton Fry,1
U1134,Barbeque Chicken with Breast,2
U1134,Chicken Kheema Balls Pizza,2
U1134,Mango Kuzhambu,4
U1134,Lemon Chicken,2
U1134,Mutton Cutlet,1
U1134,Chicken Korma,3
U1106,Prawns Fry,5
U1126,Fresh Lime Soda,3
U1106,Kadaai Paneer,4
U1126,Kadaai Paneer,1
U1126,Lacha Paratha,1
U1106,Pepper Prawns,5
U1126,Chilli Potatoes,1
U1126,Prawns Biryani,4
U1126,Plain Roti,1
U1126,Margarita Pizza,2
U1126,Jeera Rice,4
U1126,Fresh Lime Soda,2
U1126,Veg Pulao,3
U1044,Chicken Tandoori,2
U1124,Chicken Manchurian,3
U1044,Farm Fresh Pizza,3
U1124,Hyderabadi Keema,5
U1124,Fish Biryani,3
U1124,Chicken 65,2
U1124,Mix-Veg Fried Rice,1
U1124,Lassi,1
U1124,Plain Rice,2
U1124,Chicken Manchurian,4
U1124,Mushroom Masala,4
U1124,Chicken Seekh Kabab,1
U1018,Mutton 65 Pizza,3
U1125,Mushroom Malai Tikka,1
U1125,Plain Naan,3
U1125,Chicken Fried Rice,4
U1018,Mutton 65,2
U1125,Mix-Veg Fried Rice,5
U1125,Hara Bara Kabab,4
U1125,Chicken Majestic,1
U1119,Murgh Tangdi Kabab,2
U1119,Chicken Tandoori,2
U1119,Gulab Jamun,2
U1125,Chilli Prawns,5
U1119,Chicken Tikka Dry,1
U1125,Chicken Fried Rice,3
U1119,Lacha Paratha,5
U1125,Mughlai Chicken Handi,2
U1125,Nihari Gosht,5
U1125,Mixed Non-Veg Fried Rice,2
U1018,Chilli Paneer,2
U1018,Veg Pakora,4
U1018,Mushroom Malai Tikka,3
U1018,Prawns Manchurian,3
U1018,Chicken Roast,3
U1018,Jeera Rice,2
U1018,Chicken Dum Biryani,4
U1018,Chicken Fry,4
U1076,Fish Manchurian,5
U1076,Veg lollipop,4
U1076,Paneer 65,5
U1076,South Indian Chicken masala,2
U1022,Matar Pulao,5
U1076,Veg Pulao,1
U1022,Golden Prawns,1
U1022,Dal Tadka,3
U1022,Paneer 65,2
U1022,Mutton Biryani,1
U1022,Mutton Seekh Kabab,4
U1022,Farm Fresh Pizza,5
U1022,Mushroom Malai Tikka,1
U1022,Veg Spring Rolls,1
U1022,Loose Prawns,2
U1022,Butter Roti,4
U1022,Murgh Tangdi Kabab,3
U1022,Pepper Mutton,1
U1022,Mutton Awadhi Kabab,2
U1094,Chilli Fish,4
U1094,Chilli Prawns,1
U1094,Fish Fry,2
U1094,Mix-Veg Fried Rice,3
U1094,Chicken Pepperoni Piza,3
U1094,Mutton Biryani,2
U1094,Chicken Achari,2
U1094,Mutton RR,3
U1116,Paneer Tikka Masala,4
U1116,Barbeque Chicken with Breast,1
U1116,Avial with Kerala Red Rice,4
U1116,Veg biryani,5
U1116,Pepper Prawns,5
U1116,Garlic Naan,1
U1116,Butter Naan,4
U1116,Chicken Madagascar,5
U1116,Mutton Pepper Fry,5
U1116,Chilli Potatoes,1
U1116,Chicken Kheema Balls Pizza,1
U1105,Butter Roti,1
U1105,Vanilla Milkshake,4
U1105,Mutton Biryani,1
U1105,Chicken Dum Biryani,5
U1105,Malvani Chicken Curry,1
U1105,Carrot Halwa,5
U1105,Mushroom Tikka,2
U1105,Veg Dum Biryani,3
U1075,Veg Cutlet,1
U1075,Nihari Gosht,3
U1075,Mix Veg Curry,5
U1007,Paneer Tikka Masala,2
U1075,Margarita Pizza,1
U1007,Veg Dum Biryani,2
U1075,Barbeque Chicken with Breast,4
U1075,Veg Manchurian,3
U1075,Veg Manchurian,2
U1075,Chilli Chicken,5
U1075,Bharwa Aloo,4
U1075,Fruit cream,5
U1075,Chicken Fried Rice,5
U1075,Mughlai Chicken Handi,5
U1115,Pepper Mutton,2
U1115,Lacha Paratha,1
U1115,Kesariya Kheer,4
U1115,Pepper Garlic Chicken,3
U1115,Aloo Gobi Masala,4
U1115,Mix Veg Curry,4
U1115,Mutton RR,5
U1115,Fish Biryani,3
U1072,Chicken Pakora,4
U1024,Chicken Tandoori,2
U1024,Vanilla Milkshake,3
U1024,Loose Prawns,2
U1024,Bendekaayi Gojju (Ladys Finger Gravy),4
U1024,Chicken Korma,4
U1024,Veg Spring Rolls,4
U1024,Chicken Madagascar,2
U1024,Nihari Gosht,2
U1024,Chilli Prawns,3
U1024,Chicken Tandoori,3
U1024,Haryali Paneer Tikka,3
U1024,Kesariya Kheer,4
U1024,Golden Prawns,5
U1024,Shahi Tukda,4
U1024,Virgin Mojito,3
U1132,Veg lollipop,5
U1132,Bendekaayi Gojju (Ladys Finger Gravy),3
U1132,Chicken Pulao,1
U1132,Chicken Majestic,2
U1132,Veg Pulao,3
U1132,Chicken Tikka Dry,5
U1132,Seekh Kabab,4
U1132,Chilli Prawns,2
U1005,Jeera Rice,2
U1005,Chicken Roast,2
U1005,Pepper Prawns,2
U1005,Mutton Pepper Fry,5
U1005,Chicken RR,2
U1005,Veg Manchurian,3
U1005,Chicken Pizza,3
U1005,Mutton Seekh Kabab,3
U1005,Mixed Non-Veg Fried Rice,4
U1120,Chicken Pulao,3
U1120,Chicken Tandoori,2
U1120,Mutton Seekh Kabab,4
U1120,Aloo Gobi Masala,3
U1120,Chicken Drum Sticks,4
U1004,Malai Kulfi,3
U1004,Paneer Achari,3
U1004,Veg Cutlet,4
U1120,Lemon Chicken,1
U1004,Mutton Kofte,3
U1120,Prawns Fry,3
U1004,Prawns Manchurian,1
U1120,Hyderabadi Keema,5
U1077,Mutton Fry,4
U1120,Corn Cheese Pizza,1
U1037,Mutton Awadhi Kabab,4
U1037,Ginger Prawns,3
U1037,Fish tikka,4
U1037,Chicken Seekh Kabab,4
U1037,Prawns Manchurian,2
U1037,Farm Fresh Pizza,4
U1037,Malvani Chicken Curry,2
U1035,Dal Tadka,5
U1035,Chicken Korma,5
U1035,Apollo Fish,1
U1052,Chicken Korma,5
U1036,Mushroom Tikka,2
U1036,Moong daal Halwa,2
U1036,Kadaai Paneer,4
U1036,Fish Fry,5
U1036,Matar Pulao,5
U1036,Seekh Kabab,1
U1036,Chicken Achari,3
U1036,Fish Fry,3
U1036,Chicken 65,2
U1036,Kesariya Kheer,4
U1036,Chicken Pizza,5
U1036,Prawns Manchurian,1
U1038,Veg Manchurian,4
U1038,Tandoori Fish,4
U1038,Jeera Rice,2
U1038,Malvani Chicken Curry,2
U1038,Plain Roti,2
U1071,Mix Veg Curry,2
U1071,Veg Spring Rolls,5
U1071,Chilli Fish,4
U1071,Apollo Fish,5
U1071,Mango Kuzhambu,4
U1071,Mutton Cutlet,4
U1071,Mushroom Masala,3
U1071,Fruit cream,5
U1071,Chocolate Milkshake,4
U1071,Plain Naan,1
U1071,Paneer Butter Masala,5
U1071,Loose Prawns,2
U1071,Veg Platter,5
U1114,Pepper Mutton,4
U1084,Bendekaayi Gojju (Ladys Finger Gravy),3
U1084,Paneer 65,3
U1084,Chicken RR,4
U1084,Chicken Drum Sticks,3
U1084,Mughlai Chicken Handi,2
U1084,Chicken Dum Biryani,5
U1084,Plain Dosa,3
U1084,Butter Chicken,3
U1084,Paneer Amritsari Tikka,4
U1084,Paneer Tikka,2
U1049,Haryali Paneer Tikka,2
U1049,Chilli Prawns,2
U1019,Lassi,3
U1019,Ginger Prawns,1
U1019,Plain Roti,5
U1019,Veg biryani,2
U1069,Plain Naan,1
U1069,Lacha Paratha,5
U1069,Butter Garlic Prawns,2
U1069,Chilli Chicken,4
U1069,Vanilla Milkshake,5
U1069,Chicken RR,3
U1069,Chicken Drum Sticks,4
U1069,Plain Roti,2
U1069,Mughlai Chicken Handi,4
U1113,Crispy Corn,5
U1113,Garlic Naan,1
U1113,Chicken Madagascar,1
U1113,Tandoori Fish,4
U1113,Chicken RR,3
U1113,Chicken Malai,2
U1113,Chicken Dum Biryani,2
U1113,Veg Dum Biryani,5
U1104,Chocolate Milkshake,2
U1104,Paneer Amritsari Tikka,3
U1104,Shahi Tukda,1
U1104,Fruit cream,4
U1104,Prawns Manchurian,5
U1106,Paneer Amritsari Tikka,2
U1106,Pepper Garlic Chicken,5
U1104,Paneer Tikka,3
U1106,Chocolate Milkshake,4
U1106,Mix Veg Curry,3
U1104,Ice-cream,1
U1106,Mix-Veg Fried Rice,5
U1104,Barbeque Chicken with Breast,5
U1104,Mango Kuzhambu,3
U1106,Chicken Pulao,1
U1104,Mutton 65,3
U1106,Arachu Vitta Sambar,3
U1106,Fish Manchurian,1
U1052,Paneer 65,1
U1106,Mushroom Malai Tikka,2
U1106,Fruit cream,2
U1104,Fish Fry,2
U1106,Veg Pakora,1
U1106,Chicken Pulao,3
U1106,Chocolate Brownie,1
U1106,Jeera Rice,5
U1106,Mutton 65 Pizza,1
U1052,Chicken Manchurian,4
U1052,Matar Pulao,5
U1104,Lemon Rice,2
U1079,Avial with Kerala Red Rice,3
U1079,Chicken Achari,2
U1079,Gobi Manchurian,3
U1079,Butter Naan,4
U1045,Mushroom Malai Tikka,4
U1045,Paneer Tikka,1
U1045,Mutton Awadhi Kabab,2
U1045,Paneer Butter Masala,3
U1045,Matar Pulao,2
U1045,Pepper Mutton,4
U1045,Chicken Fry,5
U1045,Murgh Lasooni Kabab,2
U1045,Mutton RR,3
U1045,Mutton Fry,2
U1009,Chicken Pizza,5
U1009,Baby Corn,5
U1009,Ginger Prawns,3
U1009,Ice Tea,4
U1009,Chicken Korma,2
U1009,Paneer Multani Tikka,5
U1009,Paneer Tikka Masala,5
U1009,Ice Tea,5
U1009,Veg Cutlet,3
U1009,Veg Dumplings,2
U1009,Butter Naan,5
U1016,Gulab Jamun,3
U1016,Jeera Rice,2
U1016,Bendekaayi Gojju (Ladys Finger Gravy),2
U1016,Matar Pulao,2
U1016,Veg Platter,4
U1016,Lemon Rice,3
U1016,Golden Prawns,2
U1016,Fruit cream,1
U1016,Crispy Corn,4
U1016,Mutton Pepper Fry,5
U1016,Hara Bara Kabab,3
U1016,Chicken Majestic,2
U1016,Fish tikka,5
U1047,Mixed Non-Veg Fried Rice,4
U1047,Shahi Tukda,4
U1047,Paneer 65,5
U1095,Mughlai Chicken Handi,3
U1095,Butter Garlic Prawns,3
U1095,Chicken Fried Rice,5
U1034,Lacha Paratha,1
U1095,Mutton Awadhi Kabab,1
U1034,Mixed Non-Veg Fried Rice,5
U1034,Gulab Jamun,4
U1095,Chicken Pakora,4
U1095,Ginger Prawns,1
U1095,Chocolate Milkshake,5
U1007,Shahi Tukda,4
U1007,Gobi Manchurian,1
U1095,Kadaai Paneer,1
U1095,Veg Dumplings,2
U1095,Pepper Mutton,1
U1007,Gobi Manchurian,2
U1007,Golden Prawns,1
U1007,Mutton 65 Pizza,5
U1007,Lemon Rice,5
U1007,Chilli Fish,2
U1078,Chocolate Milkshake,3
U1099,Butter Roti,1
U1099,Cashew Chicken,2
U1008,Lacha Paratha,2
U1008,Paneer 65,1
U1099,Mutton 65,1
U1099,Veg Pulao,1
U1008,Butter Garlic Prawns,3
U1099,Mughlai Chicken Handi,5
U1008,Mango Kuzhambu,1
U1008,Barbeque Chicken with Breast,3
U1099,Veg Cutlet,5
U1008,Farm Fresh Pizza,3
U1099,Chicken Tandoori,1
U1008,Bendekaayi Gojju (Ladys Finger Gravy),2
U1099,Moong daal Halwa,1
U1099,Chilli Potatoes,3
U1099,Chicken Chettinad,4
U1008,Mutton 65 Pizza,5
U1008,Veg Dum Biryani,2
U1099,Lemon Rice,5
U1040,Paneer Amritsari Tikka,4
U1040,Pepper Prawns,5
U1040,Golden Prawns,4
U1040,Murgh Tangdi Kabab,2
U1121,Fish tikka,4
U1110,Mango Kuzhambu,2
U1110,Mix-Veg Fried Rice,1
U1110,Bendekaayi Gojju (Ladys Finger Gravy),1
U1110,Kadaai Paneer,3
U1121,Lacha Paratha,2
U1121,Paneer Amritsari Tikka,5
U1121,Chicken Pulao,2
U1042,Nihari Gosht,1
U1042,Mutton 65 Pizza,2
U1042,Loose Prawns,2
U1013,Paneer Multani Tikka,5
U1013,Haryali Paneer Tikka,4
U1013,Chocolate Milkshake,4
U1013,Chilli Chicken,1
U1054,Mixed Non-Veg Fried Rice,4
U1054,Chicken Kheema Balls Pizza,1
U1054,Loose Prawns,5
U1054,Chicken 65,3
U1054,Bendekaayi Gojju (Ladys Finger Gravy),3
U1054,Mixed Non-Veg Fried Rice,2
U1054,Butter Chicken,3
U1054,Veg Dumplings,4
U1054,Paneer Pulao,2
U1054,Chicken Korma,3
U1054,Prawns Fry,2
U1042,Prawns Biryani,4
U1042,Arachu Vitta Sambar,3
U1111,Pepper Mutton,1
U1111,Paneer Multani Tikka,3
U1111,Chilli Prawns,5
U1111,Chicken Madagascar,2
U1111,Chicken RR,3
U1037,Virgin Mojito,3
U1111,Mutton Pepper Fry,5
U1111,Chilli Mushroom,5
U1111,Chocolate Pastry,1
U1037,Shahi Tukda,5
U1111,Mushroom Malai Tikka,4
U1037,Loose Prawns,2
U1111,Paneer 65,5
U1111,Ginger Prawns,1
U1037,Cashew Chicken,2
U1015,Fruit cream,1
U1015,Ginger Prawns,3
U1015,Prawns Manchurian,1
U1015,Garlic Naan,1
U1015,Fruit cream,5
U1015,Chicken Fry,4
U1015,Chocolate Milkshake,2
U1128,Crispy Corn,5
U1062,Veg Dumplings,1
U1101,Lacha Paratha,3
U1101,Fresh Lime Soda,2
U1101,Chilli Prawns,2
U1101,Chicken Tikka Dry,5
U1101,Chicken Achari,5
U1101,Mutton RR,2
U1101,Plain Roti,4
U1101,Barbeque Chicken with Breast,4
U1101,Veg Dumplings,3
U1101,Ice Tea,4
U1001,Chilli Mushroom,4
U1001,Golden Prawns,2
U1001,Fresh Lime Soda,2
U1001,Chicken Achari,5
U1001,Chocolate Pastry,1
U1001,Chicken Korma,5
U1001,Lassi,4
U1135,Mutton Seekh Kabab,4
U1135,Seekh Kabab,1
U1135,Chilli Mushroom,5
U1135,Plain Dosa,1
U1032,Aloo Gobi Masala,5
U1032,Malai Kulfi,3
U1032,Gulab Jamun,2
U1032,South Indian Chicken masala,4
U1032,Mutton Fry,5
U1032,Loose Prawns,3
U1135,Mixed Non-Veg Fried Rice,3
U1135,Mutton Biryani,3
U1032,Mutton Kofte,3
U1032,Shahi Tukda,5
U1032,Haryali Paneer Tikka,2
U1135,Veg Pulao,4
U1032,Chilli Chicken,4
U1135,Vanilla Milkshake,2
U1135,Mushroom Malai Tikka,5
U1135,Veg Pulao,5
U1135,Chilli Chicken,1
U1135,Mix Veg Curry,1
U1135,Loose Prawns,3
U1135,Avial with Kerala Red Rice,5
U1048,Chicken 65,5
U1048,Fish Biryani,3
U1048,Fish Fry,4
U1048,Butter Naan,2
U1048,Jeera Rice,3
U1048,Shahi Tukda,2
U1048,Corn Cheese Pizza,3
U1062,Pepper Prawns,5
U1062,Pepper Mutton,3
U1092,Garlic Naan,3
U1062,Mushroom Tikka,4
U1092,Prawns Fry,5
U1062,Veg Dumplings,5
U1092,Corn Cheese Pizza,2
U1062,Chicken Dum Biryani,2
U1092,Moong daal Halwa,1
U1062,Chicken RR,4
U1062,Ice-cream,5
U1092,Dal Tadka,4
U1062,Chicken Tikka Dry,5
U1092,Mutton 65 Pizza,5
U1051,Murgh Tangdi Kabab,2
U1013,Haryali Paneer Tikka,1
U1085,Paneer Achari,4
U1085,Chilli Chicken,3
U1085,Pepper Garlic Chicken,3
U1085,Plain Naan,3
U1085,Matar Pulao,1
U1109,Vanilla Milkshake,3
U1109,Hyderabadi Keema,5
U1085,Veg Dum Biryani,2
U1085,Golden Prawns,3
U1109,South Indian Chicken masala,3
U1085,Chocolate Milkshake,4
U1085,Paneer Pulao,1
U1109,Murgh Tangdi Kabab,2
U1085,Crispy Corn,1
U1109,Malai Kulfi,5
U1109,Chicken Madagascar,1
U1109,Golden Prawns,5
U1109,Mutton Awadhi Kabab,1
U1109,Baby Corn,5
U1109,Veg biryani,5
U1078,Prawns Biryani,5
U1078,Mango Kuzhambu,5
U1078,Butter Roti,3
U1078,Fruit cream,5
U1078,Butter Roti,1
U1078,Veg biryani,4
U1019,Veg biryani,1
U1102,Lemon Rice,5
U1098,Chilli Prawns,2
U1098,Chilli Mushroom,2
U1098,Veg Manchurian,1
U1046,Mix Veg Curry,3
U1122,Jeera Rice,4
U1122,Chicken RR,5
U1122,Jeera Rice,3
U1122,Chicken Achari,4
U1122,Mutton Dum Biryani,2
U1122,Mushroom Malai Tikka,5
U1122,Veg Spring Rolls,3
U1122,Prawns Fry,1
U1122,Chicken Tikka Dry,2
U1122,Ice Tea,3
U1122,Avial with Kerala Red Rice,4
U1122,Prawns Fry,4
U1138,Chicken Seekh Kabab,5
U1138,Mutton 65,5
U1138,Mughlai Chicken Handi,4
U1013,Chicken Majestic,4
U1098,Veg Manchurian,2
U1098,Pepper Mutton,3
U1098,Chicken Achari,5
U1098,Gulab Jamun,4
U1098,Paneer Butter Masala,1
U1098,Veg Platter,5
U1098,Moong daal Halwa,4
U1098,Carrot Halwa,2
U1098,Moong daal Halwa,5
U1034,Chicken Fried Rice,3
U1034,Bharwa Aloo,2
U1034,Veg Pulao,4
U1033,Veg Cutlet,5
U1033,Chicken Achari,3
U1033,Nihari Gosht,1
U1033,Veg Dumplings,5
U1033,Kadaai Paneer,2
U1033,Virgin Mojito,2
U1033,Baby Corn,1
U1033,Fish Biryani,3
U1033,Bendekaayi Gojju (Ladys Finger Gravy),3
U1033,Chicken Madagascar,1
U1033,Murgh Tangdi Kabab,2
U1089,Chicken Madagascar,4
U1089,Lemon Chicken,5
U1089,Chicken Dum Biryani,2
U1089,Nihari Gosht,1
U1003,Chicken Chettinad,1
U1089,Mix Veg Curry,4
U1003,Chicken Drum Sticks,2
U1089,Bharwa Aloo,1
U1003,Corn Cheese Pizza,3
U1089,Veg Kofta,3
U1003,Chilli Chicken,5
U1089,Chocolate Milkshake,3
U1089,Plain Naan,2
U1003,Mutton Fry,3
U1089,Vanilla Milkshake,5
U1089,Prawns Manchurian,2
U1003,Veg Dum Biryani,3
U1089,Chicken Dum Biryani,1
U1089,Lemon Rice,1
U1003,Ginger Prawns,1
U1091,Chicken Achari,2
U1091,Tandoori Fish,5
U1089,Cashew Chicken,2
U1003,Chilli Potatoes,3
U1091,Pepper Garlic Chicken,2
U1003,Chicken Achari,5
U1091,Chicken Fried Rice,1
U1003,Arachu Vitta Sambar,1
U1091,Prawns Fry,4
U1003,Veg Pakora,5
U1027,Mutton Pepper Fry,2
U1091,Chicken Fry,3
U1027,Golden Prawns,2
U1091,Shahi Tukda,4
U1027,Mushroom Masala,2
U1091,Fresh Lime Soda,1
U1091,Aloo Gobi Masala,2
U1027,Mutton Fry,5
U1027,Mutton Awadhi Kabab,3
U1027,Mutton RR,1
U1027,Mix-Veg Fried Rice,3
U1027,Paneer Multani Tikka,4
U1027,Mutton Seekh Kabab,5
U1027,Carrot Halwa,2
U1027,Lacha Paratha,3
U1029,Chicken Roast,3
U1029,Veg Pulao,1
U1029,Lassi,1
U1029,Fish Biryani,2
U1029,Garlic Naan,5
U1029,Chilli Chicken,3
U1029,Arachu Vitta Sambar,3
U1029,Veg Dumplings,3
U1029,Fish Manchurian,4
U1029,Golden Prawns,4
U1086,Margarita Pizza,4
U1086,Mutton 65 Pizza,4
U1086,Chicken Pulao,2
U1086,Mushroom Malai Tikka,2
U1086,Chilli Potatoes,1
U1086,Chicken Pepperoni Piza,4
U1086,Mutton 65 Pizza,2
U1086,Kadaai Paneer,4
U1086,Garlic Naan,1
U1019,Chicken Pizza,2
U1019,Cashew Chicken,3
U1137,Chicken Fried Rice,2
U1019,Mutton Seekh Kabab,2
U1019,Jeera Rice,4
U1137,Arachu Vitta Sambar,3
U1137,Tandoori Fish,4
U1090,Chilli Chicken,5
U1137,Veg Dum Biryani,5
U1137,Lassi,5
U1137,Veg Platter,3
U1137,Fish Fry,5
U1137,Gobi Manchurian,1
U1137,Veg Dum Biryani,2
U1137,Butter Roti,3
U1137,Mutton Seekh Kabab,5
U1137,Bendekaayi Gojju (Ladys Finger Gravy),5
U1137,Chilli Fish,4
U1137,Tandoori Fish,2
U1114,Chilli Paneer,5
U1114,Chicken Korma,3
U1114,Chicken Fry,5
U1114,Mutton Pepper Fry,4
U1114,Garlic Naan,3
U1114,Chicken Pepperoni Piza,4
U1114,Mutton Biryani,3
U1114,Carrot Halwa,2
U1114,Malvani Chicken Curry,2
U1114,South Indian Chicken masala,2
U1061,Veg Spring Rolls,4
U1061,Nihari Gosht,4
U1061,Barbeque Chicken with Breast,2
U1061,Plain Dosa,2
U1061,Malai Kulfi,1
U1061,Jeera Rice,2
U1061,Bendekaayi Gojju (Ladys Finger Gravy),2
U1061,Dal Tadka,2
U1013,Chicken Korma,1
U1013,Chicken Achari,1
U1061,Lemon Rice,3
U1061,Fish tikka,2
U1061,Prawns Manchurian,1
U1046,Plain Naan,3
U1046,Cashew Chicken,5
U1046,Fish Manchurian,5
U1046,Prawns Manchurian,3
U1046,Gulab Jamun,2
U1046,Moong daal Halwa,2
U1046,Chilli Paneer,1
U1046,Ice Tea,3
U1041,Paneer Amritsari Tikka,2
U1041,Chicken Majestic,3
U1041,Prawns Fry,3
U1041,Mango Kuzhambu,4
U1041,Chicken Manchurian,3
U1041,Chicken Drum Sticks,2
U1004,Gulab Jamun,3
U1004,Mutton Biryani,5
U1004,Pepper Garlic Chicken,3
U1003,Chicken RR,5
U1059,Gobi Manchurian,4
U1059,Paneer 65,3
U1059,Murgh Tangdi Kabab,3
U1061,Mutton Kofte,2
U1061,Mutton Kofte,2
U1061,Veg Spring Rolls,2
U1061,Mughlai Chicken Handi,3
U1090,Paneer Amritsari Tikka,5
U1090,Lassi,2
U1112,Shahi Tukda,4
U1112,Chicken Achari,5
U1112,Chicken RR,3
U1090,Mutton Kofte,1
U1057,Butter Naan,5
U1112,Chicken Pizza,5
U1057,Gobi Manchurian,4
U1112,Mushroom Malai Tikka,5
U1112,Mixed Non-Veg Fried Rice,1
U1090,Paneer Amritsari Tikka,1
U1090,Carrot Halwa,1
U1112,Mutton Awadhi Kabab,3
U1057,Fish Fry,3
U1112,Haryali Paneer Tikka,1
U1061,Hyderabadi Keema,5
U1112,Murgh Tangdi Kabab,2
U1061,Dal Tadka,5
U1112,Pepper Prawns,4
U1090,Prawns Fry,5
U1112,Mango Kuzhambu,3
U1090,Chicken Majestic,5
U1025,Veg Platter,5
U1057,Veg Platter,3
U1112,Mughlai Chicken Handi,4
U1057,Garlic Naan,2
U1112,Chicken Tandoori,2
U1061,Mutton Fry,4
U1025,Chicken Drum Sticks,1
U1057,Chicken 65,1
U1057,Aloo Gobi Masala,1
U1090,Corn Cheese Pizza,5
U1090,Veg biryani,4
U1057,Ice-cream,1
U1057,Paneer Tikka,1
U1025,Mushroom Malai Tikka,1
U1057,Vanilla Milkshake,2
U1025,Plain Dosa,5
U1057,Haryali Paneer Tikka,5
U1025,Barbeque Chicken with Breast,3
U1025,Chicken Pulao,2
U1025,Chicken Tikka Dry,2
U1025,Mutton Kofte,5
U1025,Jeera Rice,3
U1025,Garlic Naan,4
U1025,Mughlai Chicken Handi,1
U1097,Pepper Mutton,5
U1097,Bendekaayi Gojju (Ladys Finger Gravy),3
U1097,Chocolate Brownie,2
U1097,Shahi Tukda,4
U1097,Prawns Fry,3
U1059,Lassi,5
U1059,Kesariya Kheer,1
U1059,Arachu Vitta Sambar,4
U1059,Veg Pulao,4
U1059,Chicken RR,5
U1128,Mutton Fry,1
U1059,Mix Veg Curry,3
U1059,Prawns Biryani,2
U1128,Lemon Chicken,3
U1128,Chicken Dum Biryani,2
U1128,Garlic Naan,2
U1128,Veg Manchurian,5
U1128,Fruit cream,2
U1128,Veg Pakora,4
U1128,Nihari Gosht,2
U1128,Murgh Tangdi Kabab,4
U1128,Chicken Korma,2
U1097,Farm Fresh Pizza,4
U1097,Paneer Tikka,4
U1097,Cashew Chicken,3
U1097,Shahi Tukda,3
U1097,Fish Fry,1
U1006,Seekh Kabab,1
U1006,Veg Spring Rolls,2
U1006,Malvani Chicken Curry,4
U1006,Chicken Pepperoni Piza,2
U1006,Mutton Seekh Kabab,5
U1006,Mushroom Tikka,2
U1006,South Indian Chicken masala,3
U1006,Mutton Pepper Fry,2
U1006,Chicken Fry,1
U1006,Chocolate Milkshake,2
U1006,Paneer Amritsari Tikka,2
U1131,Fresh Lime Soda,4
U1131,Chilli Prawns,4
U1131,Nihari Gosht,2
U1131,Matar Pulao,3
U1131,Corn Cheese Pizza,5
U1131,Paneer Tikka,3
U1073,Chocolate Milkshake,2
U1073,Lacha Paratha,4
U1073,Chilli Chicken,5
U1073,Plain Naan,5
U1073,Pepper Garlic Chicken,5
U1073,Corn Cheese Pizza,3
U1073,Apollo Fish,1
U1073,Avial with Kerala Red Rice,1
U1073,Chilli Fish,3
U1073,Mutton Cutlet,4
U1073,Plain Naan,4
U1049,Cashew Chicken,4
U1049,Garlic Naan,4
U1049,Jeera Rice,5
U1049,Prawns Manchurian,1
U1049,Chicken RR,1
U1049,Loose Prawns,2
U1049,Vanilla Milkshake,1
U1058,Mutton Fry,1
U1058,Paneer Amritsari Tikka,2
U1058,Mutton Cutlet,2
U1058,Veg lollipop,4
U1058,Avial with Kerala Red Rice,5
U1058,Mutton 65 Pizza,3
U1058,Chilli Prawns,4
U1058,Veg Kofta,4
U1002,Paneer Pulao,2
U1002,Veg Dum Biryani,5
U1002,Mutton 65 Pizza,4
U1002,Gobi Manchurian,5
U1002,Chicken Majestic,4
U1002,Carrot Halwa,3
U1096,Murgh Lasooni Kabab,2
U1002,Paneer Tikka,3
U1002,Chilli Chicken,5
U1002,Lacha Paratha,1
U1002,Chicken Madagascar,5
U1096,Chicken Tikka Dry,1
U1096,Chicken Achari,3
U1096,Lacha Paratha,2
U1096,Prawns Biryani,2
U1096,Haryali Paneer Tikka,2
U1136,Chicken Chettinad,4
U1096,Hyderabadi Keema,2
U1136,Chicken Manchurian,3
U1096,Loose Prawns,1
U1136,Mutton 65 Pizza,3
U1136,Garlic Naan,2
U1096,Golden Prawns,3
U1136,Chicken Madagascar,5
U1136,Fruit cream,1
U1096,Chicken Pulao,5
U1096,Chicken Pepperoni Piza,5
U1136,Chicken Madagascar,5
U1136,Veg Cutlet,1
U1136,Paneer Tikka,3
U1136,Mutton Pepper Fry,1
U1097,Margarita Pizza,3
U1097,Tandoori Fish,3
U1097,Mutton Kofte,1
U1058,Paneer 65,4
U1058,Paneer Tikka,1
U1010,Butter Roti,3
U1010,Prawns Fry,5
U1010,Chilli Mushroom,2
U1003,Prawns Biryani,2
U1010,Crispy Corn,4
U1010,Butter Chicken,5
U1010,Aloo Gobi Masala,3
U1102,Butter Chicken,5
U1102,Nihari Gosht,4
U1010,Chicken RR,1
U1102,Chicken Roast,1
U1010,Jeera Rice,4
U1102,Gulab Jamun,1
U1013,Apollo Fish,2
U1013,Pepper Garlic Chicken,3
U1028,Arachu Vitta Sambar,1
U1028,Gobi Manchurian,3
U1028,Lemon Chicken,5
U1050,Tandoori Fish,5
U1050,Chilli Prawns,1
U1050,Chicken Manchurian,3
U1050,Garlic Naan,3
U1050,Barbeque Chicken with Breast,3
U1050,Chocolate Milkshake,3
U1050,Chilli Mushroom,2
U1028,Fish Fry,4
U1129,Chicken 65,5
U1129,Margarita Pizza,3
U1028,Mushroom Masala,1
U1028,Mushroom Tikka,1
U1028,Chilli Fish,1
U1087,Chicken Malai,4
U1087,Chicken Fry,2
U1087,Plain Naan,4
U1087,Veg biryani,4
U1087,Mixed Non-Veg Fried Rice,4
U1087,Chicken Roast,3
U1087,Barbeque Chicken with Breast,2
U1087,Chicken Fried Rice,4
U1065,Veg Spring Rolls,2
U1065,Murgh Tangdi Kabab,4
U1129,Barbeque Chicken with Breast,1
U1065,Prawns Fry,1
U1129,Kesariya Kheer,1
U1065,Loose Prawns,3
U1039,Lacha Paratha,1
U1039,Golden Prawns,3
U1065,Mushroom Tikka,3
U1039,Chicken Kheema Balls Pizza,5
U1130,Murgh Lasooni Kabab,4
U1130,Mushroom Tikka,2
U1130,Dal Tadka,4
U1130,Loose Prawns,1
U1043,Shahi Tukda,4
U1043,Chicken Achari,3
U1011,Kesariya Kheer,4
U1043,Butter Chicken,3
U1011,Hyderabadi Keema,2
U1043,Paneer Achari,2
U1043,Mutton Dum Biryani,1
U1011,Chilli Mushroom,4
U1068,Chicken Drum Sticks,2
U1068,Barbeque Chicken with Breast,4
U1068,Veg Kofta,5
U1001,Malai Kulfi,5
U1001,Gulab Jamun,3
U1001,Mutton 65,3
U1001,Carrot Halwa,1
U1001,Mughlai Chicken Handi,2
U1005,Veg Platter,5
U1005,Chocolate Brownie,3
U1005,Murgh Tangdi Kabab,3
U1005,Mutton Biryani,2
U1013,Corn Cheese Pizza,1
U1013,Chicken Manchurian,5
U1013,Chicken Drum Sticks,3
U1013,Lemon Rice,1
U1015,Moong daal Halwa,2
U1015,Veg biryani,4
U1015,Chicken RR,4
U1015,Lemon Rice,3
U1019,Lemon Chicken,2
U1019,Farm Fresh Pizza,4
U1019,Chicken Roast,5
U1005,Plain Naan,5
U1005,Apollo Fish,4
U1005,South Indian Chicken masala,3
U1016,Hara Bara Kabab,2
U1016,Chicken 65,1
U1035,Golden Prawns,2
U1035,Prawns Manchurian,4
U1035,Mango Kuzhambu,4
U1038,Garlic Naan,5
U1038,Mushroom Tikka,5
U1038,Paneer Tikka Masala,1
U1040,Mango Kuzhambu,3
U1040,Chicken Pepperoni Piza,5
U1040,Shahi Tukda,3
U1040,Paneer Tikka,3
U1048,Prawns Fry,4
U1048,Malvani Chicken Curry,3
U1048,Garlic Naan,3
U1048,Chicken Pepperoni Piza,3
U1052,Haryali Paneer Tikka,5
U1052,Apollo Fish,5
U1052,Plain Dosa,4
U1052,Chicken Achari,5
U1065,Prawns Fry,1
U1065,Mutton Dum Biryani,1
U1065,Malvani Chicken Curry,3
U1065,Plain Naan,5
U1065,Moong daal Halwa,5
U1161,Fish tikka,4
U1161,Paneer Pulao,3
U1161,Veg lollipop,1
U1161,Lemon Chicken,2
U1161,Butter Chicken,1
U1173,Virgin Mojito,3
U1173,Chilli Mushroom,5
U1173,Prawns Biryani,4
U1164,Pepper Mutton,1
U1164,Plain Naan,1
U1173,Gulab Jamun,4
U1164,Mughlai Chicken Handi,5
U1164,Fish tikka,4
U1146,Murgh Tangdi Kabab,5
U1146,Chicken 65,4
U1146,Plain Roti,3
U1146,Pepper Garlic Chicken,3
U1148,Chicken Tikka Dry,1
U1148,Hara Bara Kabab,2
U1148,Corn Cheese Pizza,4
U1148,Mughlai Chicken Handi,3
U1148,Carrot Halwa,2
U1161,Chicken Malai,1
U1161,Paneer Amritsari Tikka,4
U1161,Chicken Fry,5
U1161,Chicken Pizza,4
U1131,Chilli Prawns,2
U1131,Chicken Pulao,5
U1131,Veg Spring Rolls,3
U1131,Chicken Korma,4
U1153,Mutton 65,1
U1153,Paneer Pulao,3
U1153,Pepper Prawns,5
U1153,Mughlai Chicken Handi,4
U1139,Seekh Kabab,5
U1140,Chilli Chicken,1
U1141,Carrot Halwa,3
U1142,Tandoori Fish,3
U1143,Lacha Paratha,3
U1144,Chilli Prawns,3
U1145,Paneer 65,1
U1146,Chicken Fried Rice,5
U1147,Chicken Pizza,5
U1148,Fresh Lime Soda,5
U1149,Hara Bara Kabab,5
U1150,Fish Biryani,1
U1151,Chicken Tikka Dry,5
U1152,Chicken Malai,4
U1153,Gulab Jamun,4
U1154,Corn Cheese Pizza,2
U1155,Chilli Mushroom,2
U1156,Margarita Pizza,4
U1157,Mango Kuzhambu,1
U1158,Ice-cream,3
U1159,Paneer Tikka Masala,4
U1160,Mutton Cutlet,4
U1161,Chicken Seekh Kabab,4
U1162,Veg lollipop,5
U1163,Malvani Chicken Curry,2
U1164,Mutton Fry,1
U1165,Mutton Cutlet,5
U1166,Malai Kulfi,5
U1167,Mutton Fry,4
U1168,Chicken RR,1
U1169,Mix Veg Curry,2
U1170,Mango Kuzhambu,4
U1171,Veg Manchurian,4
U1172,Fish Manchurian,2
U1173,Chicken Manchurian,2
U1174,Arachu Vitta Sambar,4
U1174,Mutton 65,2
U1174,Paneer Tikka,4
U1173,Murgh Lasooni Kabab,2
U1173,Chicken Drum Sticks,1
U1173,Fish Manchurian,3
U1173,Carrot Halwa,5
U1170,Butter Garlic Prawns,1
U1170,South Indian Chicken masala,1
U1170,Pepper Mutton,1
U1169,Cashew Chicken,2
U1169,Paneer Tikka,4
U1169,Veg biryani,4
U1168,Hara Bara Kabab,3
U1168,Veg lollipop,3
U1167,South Indian Chicken masala,3
U1167,Chicken Pulao,1
U1167,Mutton Pepper Fry,5
U1166,Mutton Awadhi Kabab,2
U1166,Chicken Roast,3
U1166,Mutton RR,2
U1166,Chicken Tandoori,2
U1165,Prawns Biryani,2
U1165,Chicken Majestic,1
U1165,Chicken Drum Sticks,3
U1165,Moong daal Halwa,4
U1164,Fish Manchurian,1
U1164,Chicken Pizza,2
U1164,Mango Kuzhambu,4
U1164,Chicken Achari,1
U1163,Chilli Fish,2
U1163,Chocolate Brownie,3
U1163,Paneer Butter Masala,5
U1163,Veg Cutlet,5
U1163,Matar Pulao,1
U1160,Pepper Prawns,3
U1160,Farm Fresh Pizza,1
U1160,Chicken Pepperoni Piza,1
U1151,Nihari Gosht,5
U1151,Cashew Chicken,3
U1151,Chilli Mushroom,2
U1142,Chicken Tandoori,3
U1142,Virgin Mojito,3
U1142,Chicken Madagascar,5
U1142,Chilli Chicken,4
U1142,Veg Kofta,5
U1131,Mutton RR,3
U1131,Chicken Fried Rice,3
U1131,Chilli Potatoes,5
U1131,Malvani Chicken Curry,2
U1131,Paneer 65,4
